65,NB S2 Delantera Refaccion,96,179,1,3200,0,0,7,23,23,0,0,1,1,1,1,1,1,1,1,1,1
68,TRLPA_SPOILER_PuWh,17,2,1,3200,350,350,1,215,215,0,0,681,681,681,681,681,681,681,681,681,681
69,TRLPA_SPOILER_DBlk,17,6,1,3200,250,250,1,215,215,0,0,682,682,682,682,682,682,682,682,682,682
89,TRLPA_LH_COV_Pyrt,13,27,1,3400,190,190,1,209,209,0,0,643,643,643,643,643,643,643,643,643,643
91,HOOK_COVER_WHITE,3,2,1,3400,150,150,3,13,13,0,0,54,54,54,54,54,54,18,18,18,18
92,BORA_REAR_REFA_6P,101,179,1,3200,0,0,7,7,7,0,0,75,75,75,75,75,75,75,75,75,75
110,A7PA_TRAS_Tungs,42,19,1,3200,130,130,1,28,28,0,0,1163,1163,1163,1163,1163,1163,218,218,218,218
111,TPA_RH_FIN_Plat,9,5,1,3200,200,200,3,205,205,0,0,564,564,564,564,564,564,564,564,564,564
112,A7PA_FRT_BAS_NBlue,36,8,1,3200,108,105,1,156,156,0,0,1105,1105,1105,1105,1105,1105,210,210,210,210
125,PDCA SENSOR PWHITE,136,2,1,3400,200,200,3,74,74,0,0,74,74,74,74,74,74,74,74,74,74
141,TRLPA_SPOILER_Pyrit,17,27,1,3200,260,260,1,215,215,0,0,683,683,683,683,683,683,683,683,683,683
146,A7PA_FRT_TRK_BlueSilk,39,7,1,3200,105,105,1,31,31,0,0,1149,1149,1149,1149,1149,1149,214,214,214,214
147,A7PA_FRT_TRK_WhitSilv,39,14,1,3200,115,115,1,31,31,0,0,1146,1146,1146,1146,1146,1146,215,215,215,215
148,A7PA_FRT_TRK_NightBlue,39,8,1,3200,97,97,1,31,31,0,0,1145,1145,1145,1145,1145,1145,214,214,214,214
149,HOOK_COVER_SILV,3,4,1,3400,105,105,3,13,13,0,0,87,87,87,87,87,87,18,18,18,18
150,PDCA SENSOR PLATINUM GREY,136,5,1,3400,280,280,3,74,74,0,0,88,88,74,88,88,88,74,74,74,74
151,PDCA SENSOR BLACK,136,1,1,3400,250,250,3,74,74,0,0,89,89,74,89,89,89,74,74,74,74
152,PDCA SENSOR REFLEX SILVER,136,4,1,3400,120,120,3,74,74,0,0,90,90,74,90,90,90,74,74,74,74
153,PDCA SENSOR TORNADO,136,3,1,3400,200,200,3,74,74,0,0,91,91,74,91,91,91,74,74,74,74
154,PDCA SENSOR DEEP BLACK,136,6,1,3400,250,250,3,74,74,0,0,92,92,74,92,92,92,74,74,74,74
158,HOOK_COVER_DEEP BLACK,3,6,1,3400,120,120,3,13,13,0,0,99,99,99,99,96,96,18,18,18,18
159,HOOK_COVER_BLACK,3,1,1,3400,120,120,3,13,13,0,0,98,98,98,98,95,95,18,18,18,18
160,BRACKET_PLATINIUM GREY,4,5,1,3400,100,100,1,76,76,0,0,100,100,1,100,100,100,76,76,76,76
161,BRACKET_BLACK,4,1,1,3400,90,90,1,76,76,0,0,101,101,1,101,101,101,76,76,76,76
162,BRACKET_REFLEX SILVER,4,4,1,3400,90,90,1,76,76,0,0,102,102,1,102,102,102,76,76,76,76
163,BRACKET_TORNADO,4,3,1,3400,89,84,1,76,76,0,0,103,103,1,103,103,103,76,76,76,76
164,BRACKET_DEEP BLACK,4,6,1,3400,90,90,1,76,76,0,0,104,104,1,104,104,104,76,76,76,76
165,BRACKET_PURE WHITE,4,2,1,3400,130,130,1,76,76,0,0,105,105,1,105,105,105,76,76,76,76
166,SALP_GP_DEL_IZQ,107,179,1,3000,0,0,4,10,10,0,0,1,1,1,1,1,1,1,1,1,1
167,A7PA_FRT_TRK_Platinum,39,5,1,3200,135,135,1,31,31,0,0,1142,1142,1142,1142,1142,1142,214,214,214,214
169,HOOK_COVER_TORNADO,3,3,1,3400,150,150,3,13,13,0,0,106,106,106,106,106,106,18,18,18,18
172,TRLPA_TOW_EYE_COV,20,1,1,3200,125,125,3,216,216,0,0,606,606,606,606,606,606,606,606,606,606
176,A7PA_TRAS_DBlack,42,6,1,3200,130,130,1,28,28,0,0,1164,1164,1164,1164,1164,1164,218,218,218,218
177,TRLPA_LH_COV_KRed,13,10,1,3000,180,180,1,209,209,0,0,647,647,647,647,647,647,647,647,647,647
180,BARRA_CNTRL_S2,86,179,1,3000,0,0,7,11,11,0,0,1,1,1,1,1,1,1,1,1,1
181,TPA_RH_FIN_Pyri,9,27,1,3200,180,180,3,205,205,0,0,563,563,563,563,563,563,563,563,563,563
182,TPA_FASCIA_PuWh,5,2,1,3200,260,260,1,201,201,0,0,501,501,501,501,501,501,501,501,501,501
188,A7PA_TRAS_BluSilk,42,7,1,3200,115,115,1,28,28,0,0,1169,1169,1169,1169,1169,1169,218,218,218,218
191,SALP_GP_DEL_DER,106,179,1,3000,0,0,4,12,12,0,0,1,1,1,1,1,1,1,1,1,1
194,PDCA SENSOR BLUE SILK,136,7,1,3400,250,250,3,74,74,0,0,74,74,74,74,74,74,74,74,74,74
195,PDCA SENSOR TUGSTENE,136,19,1,3400,250,250,3,74,74,0,0,74,74,74,74,74,74,74,74,74,74
196,HOOK COVER_ORYX WEISS,3,180,1,3400,250,250,3,13,13,0,0,54,54,54,54,54,54,18,18,18,18
197,HOOK COVER PLATINUM,3,5,1,3400,130,130,3,13,13,0,0,99,99,99,99,96,96,18,18,18,18
198,TPA_LH_FIN_PuWh,8,2,1,3200,170,170,3,204,204,0,0,541,541,541,541,541,541,541,541,541,541
214,Fantasma Pure White,1,2,1,3000,20,20,8,75,75,0,0,75,75,75,75,75,75,75,75,75,75
215,Fantasma blue silk,1,7,1,3000,20,20,8,75,75,0,0,75,75,75,75,75,75,75,75,75,75
216,Fantasma Deep Black,1,6,1,3000,20,20,8,75,75,0,0,75,75,75,75,75,75,75,75,75,75
217,Fantasma Tornado Red,1,3,1,3000,20,20,8,75,75,0,0,75,75,75,75,75,75,75,75,75,75
218,Fantasma Black,1,1,1,3200,20,20,8,75,75,0,0,75,75,75,75,75,75,75,75,75,75
219,Fantasma Atlantic Blue,1,9,1,3200,20,20,8,75,75,0,0,75,75,75,75,75,75,75,75,75,75
220,Fantasma Platinum,1,5,1,3000,20,20,8,75,75,0,0,75,75,75,75,75,75,75,75,75,75
224,TPA_LH_LAT_COV,6,1,1,3200,220,220,3,202,202,0,0,521,521,521,521,521,521,521,521,521,521
226,Fantasma  Dark Moss Green,1,16,1,3000,20,20,8,75,75,0,0,75,75,75,75,75,75,75,75,75,75
231,FRT_GTI_SPARE,79,179,1,3200,0,0,7,1,1,0,0,51,51,3004,51,51,51,1,1,1,1
235,NB_FR_SPARE,124,179,1,3200,0,0,7,4,4,0,0,1,1,1,1,1,1,1,1,1,1
246,PDCA SENSOR NIGHT BLUE,136,8,1,3400,200,200,3,74,74,0,0,158,158,74,158,158,158,74,74,74,74
255,TRLPA_RH_LAT_TRIM,16,1,1,3200,150,150,3,212,212,0,0,603,603,603,603,603,603,603,603,603,603
260,Fantasma Tungsten Silver,1,19,1,3200,20,20,8,75,75,0,0,75,75,75,75,75,75,75,75,75,75
261,TRLPA_LH_LAT_TRIM,15,1,1,3200,150,150,3,211,211,0,0,602,602,602,602,602,602,602,602,602,602
262,HOOK_COVER_RUBYRED,3,20,1,3400,100,100,3,13,13,0,0,99,99,99,99,96,96,18,18,18,18
263,NB T DIF_SPARE,128,179,1,3200,0,0,7,6,6,0,0,14,14,3004,14,14,14,6,6,6,6
265,BRACKET_NIGHTBLUE,4,8,1,3400,90,90,1,76,76,0,0,168,168,1,168,168,168,76,76,76,76
267,BRACKET_TUNGSTEN _SILVER,4,19,1,3400,90,90,1,76,76,0,0,171,171,1,171,171,171,76,76,76,76
270,A7_REAR_REFA,77,179,1,3200,0,0,7,2,2,0,0,31,31,3004,31,31,31,2,2,2,2
275,Fantasma Habanero Orange,1,22,1,3000,20,20,8,75,75,0,0,75,75,75,75,75,75,75,75,75,75
276,TPA_FASCIA_DBlk,5,6,1,3200,190,190,1,201,201,0,0,502,502,502,502,502,502,502,502,502,502
279,BRACKET_SPARE,4,179,1,3400,120,120,7,76,76,0,0,100,100,1,100,100,100,76,76,76,76
281,TPA_LH_FIN_DBlk,8,6,1,3200,170,170,3,204,204,0,0,542,542,542,542,542,542,542,542,542,542
282,TPA_RH_LAT_COV,7,1,1,3200,220,220,3,203,203,0,0,522,522,522,522,522,522,522,522,522,522
287,BRACKET_BLUE_SILK,4,7,1,3400,90,90,1,76,76,0,0,177,177,1,177,177,177,76,76,76,76
289,A7PA_FRT_BAS_Torn,35,3,1,3200,135,135,1,156,156,0,0,1101,1101,1101,1101,1101,1101,209,209,209,209
295,A7PA_FRT_TRK_PuWhit,39,2,1,3200,130,130,1,31,31,0,0,1140,1140,1140,1140,1140,1140,215,215,215,215
296,A7PA_FRT_TRK_Torn,39,3,1,3200,135,135,1,31,31,0,0,1141,1141,1141,1141,1141,1141,226,226,226,226
297,A7PA_FRT_TRK_Tungs,39,19,1,3200,105,105,1,31,31,0,0,1143,1143,1143,1143,1143,1143,214,214,214,214
298,A7PA_TRAS_WhitSilv,42,14,1,3200,130,130,1,28,28,0,0,1166,1166,1166,1166,1166,1166,219,219,219,219
312,HOOK_COVER_BLUE_SILK,3,7,1,3400,105,105,3,13,13,0,0,99,99,99,99,96,96,18,18,18,18
324,TRL_LAT_FINISHER_LH,111,179,1,3200,0,0,7,93,93,0,0,1,1,1,1,1,1,1,1,1,1
331,A7PA_TRAS_NigBlue,42,8,1,3200,120,120,1,28,28,0,0,1165,1165,1165,1165,1165,1165,218,218,218,218
333,A7PA_FRT_TRK_PfauenGr,39,24,1,3200,125,125,1,31,31,0,0,1147,1147,1147,1147,1147,1147,153,153,153,153
334,TPA_RH_FIN_Atln,9,9,1,3200,160,160,3,205,205,0,0,565,565,565,565,565,565,565,565,565,565
340,A7PA_TRAS_Platinum,42,5,1,3200,128,128,1,28,28,0,0,1162,1162,1162,1162,1162,1162,218,218,218,218
341,Scar_Trasera_Refa,119,179,1,3200,0,0,7,50,50,0,0,1,1,1,1,1,1,1,1,1,1
342,TRLPA_SPOILER_Oryx,17,180,1,3200,550,550,1,215,215,0,0,686,686,686,686,686,686,686,686,686,686
343,HOOK_COVER_HABANERO,3,22,1,3400,105,105,3,13,13,0,0,99,99,99,99,96,96,18,18,18,18
352,Fantasma_Iron_Blue,1,25,1,3000,20,20,8,75,75,0,0,75,75,75,75,75,75,75,75,75,75
353,Fantasma_Pfauengrun,1,24,1,3000,20,20,8,75,75,0,0,75,75,75,75,75,75,75,75,75,75
358,DIFUSOR TIGUAN,29,15,1,3000,134,131,13,27,27,0,0,110,110,110,110,110,110,27,27,27,27
360,TRLPA_SPOILER_Plat,17,5,1,3200,280,280,1,215,215,0,0,684,684,684,684,684,684,684,684,684,684
362,PDCA SENSOR H_ORANGE,136,22,1,3400,250,250,3,74,74,0,0,90,90,74,74,90,90,74,74,74,74
376,TRLPA_SPOILER_Atln,17,9,1,3200,260,260,1,215,215,0,0,685,685,685,685,685,685,685,685,685,685
377,TRL_LAT_FINIHSER_RH,112,179,1,3200,0,0,7,94,94,0,0,1,1,1,1,1,1,1,1,1,1
384,A7PA_FRT_BAS_PuWht,35,2,1,3200,135,135,1,156,156,0,0,1100,1100,1100,1100,1100,1100,211,211,211,211
385,A7PA_FRT_BAS_Plat,36,5,1,3200,170,170,1,156,156,0,0,1102,1102,1102,1102,1102,1102,210,210,210,210
386,A7PA_FRT_BAS_Pfauen,36,24,1,3200,150,150,1,156,156,0,0,1107,1107,1107,1107,1107,1107,205,205,205,205
388,A7PA_FRT_GTI_PuWhite,37,2,1,3200,160,160,1,153,153,0,0,1120,1120,1120,1120,1120,1120,213,213,213,213
389,A7PA_FRT_GTI_Torn,37,3,1,3200,170,170,1,153,153,0,0,1121,1121,1121,1121,1121,1121,154,154,154,154
391,A7PA_UNDER_RIDE,45,4,1,3200,170,170,13,38,38,0,0,240,240,1,1,240,240,59,1,59,59
392,A7PA_FRT_GTI_Tungs,38,19,1,3200,140,140,1,30,30,0,0,1123,1123,1123,1123,1123,1123,212,212,212,212
393,A7PA_FRT_BAS_Tungs,36,19,1,3200,103,100,1,156,156,0,0,1103,1103,1103,1103,1103,1103,210,210,210,210
398,Empty_Skids,0,0,1,3000,0,0,7,4,4,0,0,296,296,282,282,296,296,4,4,4,4
408,A7PA_FRT_TRK_DBlack,39,6,1,3200,95,95,1,31,31,0,0,1144,1144,1144,1144,1144,1144,214,214,214,214
411,SPOLIER_FRT_S2,83,179,1,3200,0,0,7,21,21,0,0,75,75,75,75,75,75,75,75,75,75
412,SPOLIER_FRT_S2_FARO,84,179,1,3200,0,0,7,21,21,0,0,75,75,75,75,75,75,75,75,75,75
413,SPOLIER_FRT_S2_V5,85,179,1,3200,0,0,7,21,21,0,0,75,75,75,75,75,75,75,75,75,75
415,BARRA_CNTRL_S2_V5,87,179,1,3000,0,0,7,11,11,0,0,1,1,1,1,1,1,1,1,1,1
416,A7PA_BARRA_CENTRAL,48,4,1,3200,192,192,13,37,37,0,0,239,239,1,1,239,239,58,58,58,58
418,JA7_GLI_HCKSPL_PLATINUM,49,5,1,3400,180,180,3,130,130,0,0,6,6,6,6,6,6,40,40,40,40
419,RR_VARIANT_SPARE,78,179,1,3200,0,0,7,80,80,0,0,1,1,1,1,1,1,83,83,83,83
420,Fantasma CornFlower,1,29,1,3200,20,20,8,75,75,0,0,75,75,75,75,75,75,75,75,75,75
424,HOOK_COVER_SPARE,3,179,1,3400,0,0,12,13,13,0,0,54,54,54,54,54,54,18,18,18,18
425,NBGP_FRONTAL,113,179,1,3200,0,0,7,22,22,0,0,1,1,1,1,1,1,1,1,1,1
426,NBGP_TRA_USA_CABRIO,115,179,1,3200,0,0,7,20,20,0,0,1,1,1,1,1,1,1,1,1,1
427,NBGP_TRA_EUR_LIMO,116,179,1,3200,0,0,7,19,19,0,0,1,1,1,1,1,1,1,1,1,1
428,NBGP_TRA_EUR_CABRIO,117,179,1,3200,0,0,7,19,19,0,0,1,1,1,1,1,1,1,1,1,1
429,A7PA_FRT_GTI_DBlack,38,6,1,3200,125,125,1,153,153,0,0,1124,1124,1124,1124,1124,1124,202,202,202,202
437,TIGRL_FT_PySilv,132,27,1,3200,140,137,1,155,155,0,0,1249,1249,1249,1249,1249,1249,228,228,228,228
438,Fantasma White Silver,1,14,1,3000,20,20,8,75,75,0,0,75,75,75,75,75,75,75,75,75,75
441,CLADD_REAR_LH_PySilv,146,27,1,3200,130,127,1,116,116,0,0,1349,1349,1349,1349,1349,1349,239,239,239,239
442,A7PA_TRAS_PuWhite,41,2,1,3200,155,155,1,28,28,0,0,1160,1160,1160,1160,1160,1160,219,219,219,219
445,A7PA_TRAS_Torn,41,3,1,3200,185,185,1,28,28,0,0,1161,1161,1161,1161,1161,1161,155,155,155,155
448,Skid _Plate_HighLine ,30,15,1,3000,54,54,13,32,32,0,0,238,238,238,238,238,238,37,37,37,37
454,A7PA_TRAS_PauenGreen,42,24,1,3200,127,122,1,28,28,0,0,1167,1167,1167,1167,1167,1167,152,152,152,152
461,A7PA_VAR_PuWh,43,2,1,3200,250,250,1,39,39,0,0,1220,1220,1220,1220,1220,1220,221,221,221,221
467,A7PA_TRAS_IrnBlue,42,25,1,3200,136,134,1,28,28,0,0,1168,1168,1168,1168,1168,1168,219,219,219,219
472,GTI_HCKSPL_Blk,50,1,1,3400,180,180,3,133,133,0,0,31,31,31,31,31,31,130,130,130,130
473,DUNE_UNDER_RIDE,56,4,1,3000,0,0,1,48,48,0,0,339,339,339,339,339,339,48,48,48,48
474,DUNE_DIFUSOR_TURBO,57,4,1,3200,350,350,1,49,49,0,0,340,340,340,340,340,340,49,49,49,49
475,DUNE_DIFUSOR_SINGLE,58,4,1,3200,110,110,1,49,49,0,0,340,340,340,340,340,340,49,49,49,49
476,DUNE_DIFUSOR_SPORT,59,4,1,3200,110,110,1,49,49,0,0,340,340,340,340,340,340,49,49,49,49
477,A7PA_FRT_GTI_WhSilv,38,14,1,3200,150,150,1,30,30,0,0,1126,1126,1126,1126,1126,1126,213,213,213,213
478,A7PA_FRT_GTI_NigBlue,38,8,1,3200,120,117,1,30,30,0,0,1125,1125,1125,1125,1125,1125,212,212,212,212
479,A7PA_FRT_GTI_Plat,38,5,1,3200,145,145,1,30,30,0,0,1122,1122,1122,1122,1122,1122,212,212,212,212
480,A7PA_FRT_GTI_Pfauen,38,24,1,3200,160,160,1,30,30,0,0,1127,1127,1127,1127,1127,1127,213,213,213,213
481,A7PA_FRT_GTI_IronBl,38,25,1,3200,126,122,1,153,153,0,0,1128,1128,1128,1128,1128,1128,212,212,212,212
482,PDCA SENSOR SST,136,23,1,3400,300,300,3,74,74,0,0,74,74,74,74,74,74,74,74,74,74
484,A7PA_FRT_BAS_DBlack,36,6,1,3200,110,110,1,156,156,0,0,1104,1104,1104,1104,1104,1104,4,4,4,4
489,CLADD_REAR_RH_PySilv,147,27,1,3200,131,124,1,117,117,0,0,1369,1369,1369,1369,1369,1369,241,241,241,241
494,TIGUAN_RR_INV_ORYXW,22,180,1,3200,300,300,1,152,152,0,0,1073,1073,1073,1073,1073,1073,105,105,105,105
495,Fantasma Grani Grau,1,15,1,3000,20,20,8,75,75,0,0,75,75,75,75,75,75,75,75,75,75
498,A7PA_FRT_BAS_BlueSilk,36,7,1,3200,110,110,1,156,156,0,0,1109,1109,1109,1109,1109,1109,210,210,210,210
501,A7PA_FRT_BAS_WhSilv,36,14,1,3200,115,115,1,156,156,0,0,1106,1106,1106,1106,1106,1106,211,211,211,211
502,PDC SENSOR PUREWHITE,134,2,1,3400,180,180,3,74,74,0,0,74,74,74,74,74,74,74,74,74,74
503,PDC SENSOR PLATINUM GREY,134,5,1,3400,170,170,3,74,74,0,0,88,88,74,88,88,88,74,74,74,74
504,PDC SENSOR DEEPBLACK,134,6,1,3400,140,140,3,74,74,0,0,92,92,74,92,92,92,74,74,74,74
505,PDC SENSOR REFLEX SILVER,134,4,1,3400,200,200,3,74,74,0,0,90,90,74,90,90,90,74,74,74,74
506,PDC SENSOR BLACK,134,1,1,3400,200,200,3,74,74,0,0,89,89,74,89,89,89,74,74,74,74
507,PDC SENSOR ROJO TORNADO,134,3,1,3400,200,200,3,74,74,0,0,91,91,74,91,91,91,74,74,74,74
508,PDC  SENSOR NIGHT BLUE,134,8,1,3400,200,200,3,74,74,0,0,158,158,74,158,158,158,74,74,74,74
509,PDC SENSOR BLUE SILK,134,7,1,3400,200,200,3,74,74,0,0,74,74,74,74,74,74,74,74,74,74
510,PDC SENSOR TUNGSTEN ,134,19,1,3400,200,200,3,74,74,0,0,74,74,74,74,74,74,74,74,74,74
511,JA7_GLI_HCKSPL_PURE_WHITE,49,2,1,3400,220,220,3,130,130,0,0,4,4,4,4,4,4,42,42,42,42
512,PLA SENSOR PUREWHITE,135,2,1,3400,140,140,3,74,74,0,0,74,74,74,74,74,74,74,74,74,74
513,PLA SENSOR PLATINUM GREY,135,5,1,3400,170,170,3,74,74,0,0,88,88,74,88,88,88,74,74,74,74
514,PLA SENSOR ROJO TORNADO,135,3,1,3400,200,200,3,74,74,0,0,91,91,74,91,91,91,74,74,74,74
515,PLA SENSOR DEEPBLACK,135,6,1,3400,200,200,3,74,74,0,0,92,92,74,92,92,92,74,74,74,74
516,PLA SENSOR REFLEX SILVER,135,4,1,3400,200,200,3,74,74,0,0,90,90,74,90,90,90,74,74,74,74
517,PLA SENSOR BLACK,135,1,1,3400,200,200,3,74,74,0,0,89,89,74,89,89,89,74,74,74,74
518,PLA SENSOR NIGHT BLUE,135,8,1,3400,200,200,3,74,74,0,0,158,158,74,158,158,158,74,74,74,74
519,PLA SENSOR BLUE SILK,135,7,1,3400,200,200,3,74,74,0,0,74,74,74,74,74,74,74,74,74,74
520,PLA SENSOR TUNGSTEN ,135,19,1,3400,200,200,3,74,74,0,0,74,74,74,74,74,74,74,74,74,74
521,JA7_GLI_HCKSPL_DEEP_BLACK,49,6,1,3400,170,170,3,130,130,0,0,5,5,5,5,5,5,159,159,159,159
522,PA WHEEL ARC LH FT BLK,60,1,1,3400,150,150,1,60,60,0,0,360,360,360,360,360,360,60,60,60,60
523,PA WHEEL ARC LH CL FT BLK,61,1,1,3400,150,150,1,61,61,0,0,361,361,361,361,361,361,61,61,61,61
524,PA WHEEL ARC LH RR BLK,62,1,1,3400,100,100,1,62,62,0,0,362,362,362,362,362,362,62,62,62,62
525,PA WHEEL ARC RH FT BLK,63,1,1,3400,120,120,1,63,63,0,0,363,363,363,363,363,363,63,63,63,63
526,PA WHEEL ARC RH CL FT BLK,64,1,1,3400,120,120,1,64,64,0,0,364,364,364,364,364,364,64,64,64,64
527,PA WHEEL ARC RH RR BLK,65,1,1,3400,150,150,1,65,65,0,0,365,365,365,365,365,365,65,65,65,65
528,PA FOG LAMP LH BLK,66,1,1,3400,350,350,3,66,66,0,0,366,366,366,366,366,366,66,66,66,66
529,PA FOG LAMP RH BLK,67,1,1,3400,350,350,3,67,67,0,0,367,367,367,367,367,367,67,67,67,67
530,PA REAR LOWER BLK,68,1,1,3200,0,0,1,68,68,0,0,368,368,368,368,368,368,68,68,68,68
534,PA DIFUSOR TURBO BLK,71,1,1,3400,180,150,1,71,71,0,0,371,371,371,371,371,371,71,71,71,71
535,PA DIFUSOR DOBLE BLK,72,1,1,3400,0,150,1,71,71,0,0,371,371,371,371,371,371,71,71,71,71
536,BORA_FRT_REFA_6P,102,179,1,3400,0,0,7,8,8,0,0,75,75,75,75,75,75,75,75,75,75
548,ALL TRACK DIFUSOR REFLEX,82,4,1,3200,110,110,13,103,103,0,0,390,390,390,390,390,390,91,91,91,91
550,BORA_SPOILER_RF,103,179,1,3200,0,0,7,9,9,0,0,1,1,1,1,1,1,1,1,1,1
551,PA SPOILER FT LH,69,1,1,3400,153,153,1,69,69,0,0,369,369,369,369,369,369,69,69,69,69
552,PA SPOILER FT RH,70,1,1,3400,220,220,1,70,70,0,0,370,370,370,370,370,370,70,70,70,70
553,PA CENTRAL GRILL,73,1,1,3000,0,0,1,73,73,0,0,373,373,373,373,373,373,73,73,73,73
573,PDCA SENSOR WHITE SILVER,136,14,1,3400,200,200,3,74,74,0,0,90,90,1,1,90,90,74,74,74,74
576,TIGRL_SPL_Pure_White,133,2,1,3200,115,115,1,113,113,0,0,1260,1260,1260,1260,1260,1260,225,225,225,225
577,TIGRL_SPL_Platinum,133,5,1,3200,80,80,1,113,113,0,0,1261,1261,1261,1261,1261,1261,224,224,224,224
578,TIGRL_SPL_Deep_Black,133,6,1,3200,66,64,1,113,113,0,0,1262,1262,1262,1262,1262,1262,180,180,180,180
579,V177_AMG_SERIE_Iridium,31,40,1,3200,250,250,15,301,301,0,0,301,301,301,301,301,301,301,301,301,301
580,DUNE_UNDER_RIDE_SPARE,56,179,1,3000,0,0,9,48,48,0,0,339,339,339,339,339,339,48,48,48,48
581,DUNE_DFS_TURBO_SPARE,57,179,1,3200,0,0,9,49,49,0,0,340,340,340,340,340,340,49,49,49,49
582,DUNE_DFS_SINGLE_SPARE,58,179,1,3200,0,0,7,49,49,0,0,340,340,340,340,340,340,49,49,49,49
583,DUNE_DFS_SPORT_SPARE,59,179,1,3200,0,0,7,49,49,0,0,340,340,340,340,340,340,49,49,49,49
588,CLADD_EXT_RH_PuWh,149,2,1,3200,160,160,1,119,119,0,0,1400,1400,1400,1400,1400,1400,246,246,246,246
589,CLADD_EXT_RH_Plat,149,5,1,3200,150,150,1,119,119,0,0,1401,1401,1401,1401,1401,1401,245,245,245,245
590,DIFUSOR TIGUAN R-LINE,29,1,1,3000,135,133,1,40,40,0,0,115,115,115,115,115,115,28,28,28,28
591,CLADD_EXT_RH_DBlk,149,6,1,3200,150,150,1,119,119,0,0,1402,1402,1402,1402,1402,1402,245,245,245,245
592,CLADD_EXT_RH_Orang,149,22,1,3200,160,160,1,119,119,0,0,1403,1403,1403,1403,1403,1403,245,245,245,245
594,TRLPA_LH_COV_Ptro,13,31,1,3200,200,200,1,209,209,0,0,648,648,648,648,648,648,648,648,648,648
595,CLADD_EXT_RH_MGreen,149,16,1,3200,150,150,1,119,119,0,0,1407,1407,1407,1407,1407,1407,245,245,245,245
601,CLADD_EXT_RH_BSilk,149,7,1,3200,125,125,1,119,119,0,0,1404,1404,1404,1404,1404,1404,245,245,245,245
603,CLADD_EXT_RH_RRed,149,20,1,3200,160,160,1,119,119,0,0,1408,1408,1408,1408,1408,1408,246,246,246,246
604,TRL_AIRDAM_LH,129,1,1,3400,176,176,3,128,128,0,0,1525,1525,1525,1525,1525,1525,258,258,258,258
605,TRL_AIRDAM_RH,130,1,1,3400,175,175,3,129,129,0,0,1526,1526,1526,1526,1526,1526,259,259,259,259
606,TRL_TOWEYE_COVER,131,1,1,3400,150,150,3,123,123,0,0,1520,1520,1520,1520,1520,1520,253,253,253,253
608,TRL_UPPER_FLAMP_LH,137,1,1,3200,181,172,3,124,124,0,0,1521,1521,1521,1521,1521,1521,254,254,254,254
609,TRLPA_PDC_COVER,18,1,1,3200,160,160,1,213,213,0,0,604,604,604,604,604,604,604,604,604,604
610,TRLPA_FRT_STRIP_Atln,12,9,1,3200,175,175,1,208,208,0,0,625,625,625,625,625,625,625,625,625,625
611,DUNE_ROCKER_LH,74,4,1,3200,150,150,1,58,58,0,0,358,358,358,358,358,358,52,52,52,52
612,DUNE_ROCKER_RH,75,4,1,3200,150,150,1,59,59,0,0,359,359,359,359,359,359,53,53,53,53
618,TRL_UPPER_FLAMP_RH,138,1,1,3200,181,170,3,125,125,0,0,1522,1522,1522,1522,1522,1522,255,255,255,255
628,TRL_LOWER_FLAMP_LH,139,1,1,3200,154,145,3,126,126,0,0,1523,1523,1523,1523,1523,1523,256,256,256,256
638,TRL_LOWER_FLAMP_RH,140,1,1,3200,150,150,3,127,127,0,0,1524,1524,1524,1524,1524,1524,257,257,257,257
643,TRL_TRIM_CNTRL_PuWh,141,2,1,3000,120,120,3,120,120,0,0,1460,1460,1460,1460,1460,1460,248,248,248,248
644,TRL_TRIM_CNTRL_Plat,141,5,1,3000,99,99,3,120,120,0,0,1461,1461,1461,1461,1461,1461,247,247,247,247
645,TRL_TRIM_CNTRL_DBlk,141,6,1,3000,170,170,3,120,120,0,0,1462,1462,1462,1462,1462,1462,247,247,247,247
646,TRL_TRIM_CNTRL_HOrang,141,22,1,3000,200,200,3,120,120,0,0,1463,1463,1463,1463,1463,1463,247,247,247,247
649,TRL_TRIM_CNTRL_MGreen,141,16,1,3000,200,200,3,120,120,0,0,1467,1467,1467,1467,1467,1467,247,247,247,247
650,TRL_TRIM_CNTRL_BSilk,141,7,1,3000,120,120,3,120,120,0,0,1464,1464,1464,1464,1464,1464,247,247,247,247
651,TRL_TRIM_CNTRL_RRed,141,20,1,3000,200,200,3,120,120,0,0,1468,1468,1468,1468,1468,1468,248,248,248,248
653,TRL_TRIM_LAT_LH_PuWh,142,2,1,3200,98,95,3,121,121,0,0,1480,1480,1480,1480,1480,1480,250,250,250,250
654,TRL_TRIM_LAT_LH_Plat,142,5,1,3200,100,100,3,121,121,0,0,1481,1481,1481,1481,1481,1481,249,249,249,249
655,TRL_TRIM_LAT_LH_DBlk,142,6,1,3200,95,95,3,121,121,0,0,1482,1482,1482,1482,1482,1482,267,267,267,267
656,TRL_TRIM_LAT_LH_HOrang,142,22,1,3200,100,100,3,121,121,0,0,1483,1483,1483,1483,1483,1483,249,249,249,249
658,TRLPA_RH_COV_PuWh,14,2,1,3200,210,210,1,210,210,0,0,661,661,661,661,661,661,661,661,661,661
659,TRL_TRIM_LAT_LH_MGreen,142,16,1,3200,100,100,3,121,121,0,0,1487,1487,1487,1487,1487,1487,249,249,249,249
660,TRL_TRIM_LAT_LH_BSilk,142,7,1,3200,100,100,3,121,121,0,0,1484,1484,1484,1484,1484,1484,249,249,249,249
661,TRL_TRIM_LAT_LH_RRed,142,20,1,3200,100,100,3,121,121,0,0,1488,1488,1488,1488,1488,1488,250,250,250,250
663,TRL_TRIM_LAT_RH_PuWh,143,2,1,3200,100,100,3,122,122,0,0,1500,1500,1500,1500,1500,1500,252,252,252,252
664,TRL_TRIM_LAT_RH_Plat,143,5,1,3200,110,110,3,122,122,0,0,1501,1501,1501,1501,1501,1501,251,251,251,251
665,TRL_TRIM_LAT_RH_DBlk,143,6,1,3200,100,100,3,122,122,0,0,1502,1502,1502,1502,1502,1502,266,266,266,266
666,TRL_TRIM_LAT_RH_HOrang,143,22,1,3200,100,100,3,122,122,0,0,1503,1503,1503,1503,1503,1503,251,251,251,251
668,TRLPA_RH_COV_DBlk,14,6,1,3200,170,170,1,210,210,0,0,662,662,662,662,662,662,662,662,662,662
669,TRL_TRIM_LAT_RH_MGreen,143,16,1,3200,200,200,3,122,122,0,0,1507,1507,1507,1507,1507,1507,251,251,251,251
670,TRL_TRIM_LAT_RH_BSilk,143,7,1,3200,200,200,3,122,122,0,0,1504,1504,1504,1504,1504,1504,251,251,251,251
671,TRL_TRIM_LAT_RH_RRed,143,20,1,3200,200,200,3,122,122,0,0,1508,1508,1508,1508,1508,1508,252,252,252,252
673,CLADD_FT_LH_PuWh,144,2,1,3200,120,120,1,114,114,0,0,1300,1300,1300,1300,1300,1300,236,236,236,236
674,CLADD_FT_LH_Plat,144,5,1,3200,135,135,1,114,114,0,0,1301,1301,1301,1301,1301,1301,235,235,235,235
675,CLADD_FT_LH_DBlk,144,6,1,3200,100,100,1,114,114,0,0,1302,1302,1302,1302,1302,1302,260,260,260,260
676,CLADD_FT_LH_Oran,144,22,1,3200,110,110,1,114,114,0,0,1303,1303,1303,1303,1303,1303,235,235,235,235
679,CLADD_FT_LH_MGrn,144,16,1,3200,150,150,1,114,114,0,0,1307,1307,1307,1307,1307,1307,235,235,235,235
680,CLADD_FT_LH_BSil,144,7,1,3200,101,101,1,114,114,0,0,1304,1304,1304,1304,1304,1304,235,235,235,235
681,CLADD_FT_LH_RRed,144,20,1,3200,180,180,1,114,114,0,0,1308,1308,1308,1308,1308,1308,236,236,236,236
683,NBGP_REAR_SPARE,114,179,1,3200,0,0,7,20,20,0,0,1,1,1,1,1,1,1,1,1,1
684,TIGRL_SPL_PySilv,133,27,1,3200,85,85,1,113,113,0,0,1269,1269,1269,1269,1269,1269,224,224,224,224
687,CLADD_FT_RH_PuWh,145,2,1,3200,120,120,1,115,115,0,0,1320,1320,1320,1320,1320,1320,238,238,238,238
688,CLADD_FT_RH_Plat,145,5,1,3200,135,135,1,115,115,0,0,1321,1321,1321,1321,1321,1321,237,237,237,237
689,CLADD_FT_RH_DBlk,145,6,1,3200,98,98,1,115,115,0,0,1322,1322,1322,1322,1322,1322,261,261,261,261
690,CLADD_FT_RH_Oran,145,22,1,3200,110,110,1,115,115,0,0,1323,1323,1323,1323,1323,1323,237,237,237,237
693,CLADD_FT_RH_MGrn,145,16,1,3200,150,150,1,115,115,0,0,1327,1327,1327,1327,1327,1327,237,237,237,237
694,CLADD_FT_RH_BSil,145,7,1,3200,101,101,1,115,115,0,0,1324,1324,1324,1324,1324,1324,237,237,237,237
695,CLADD_FT_RH_RRed,145,20,1,3200,180,180,1,115,115,0,0,1328,1328,1328,1328,1328,1328,238,238,238,238
696,TRL_TRIM_CNTRL_PySilv,141,27,1,3000,105,105,3,120,120,0,0,1469,1469,1469,1469,1469,1469,247,247,247,247
697,CLADD_REAR_LH_PuWh,146,2,1,3200,140,137,1,116,116,0,0,1340,1340,1340,1340,1340,1340,240,240,240,240
698,CLADD_REAR_LH_Plat,146,5,1,3200,170,170,1,116,116,0,0,1341,1341,1341,1341,1341,1341,239,239,239,239
699,CLADD_REAR_LH_DBlk,146,6,1,3200,121,121,1,116,116,0,0,1342,1342,1342,1342,1342,1342,262,262,262,262
700,CLADD_REAR_LH_Oran,146,22,1,3200,130,130,1,116,116,0,0,1343,1343,1343,1343,1343,1343,239,239,239,239
701,TRLPA_RH_COV_Pyri,14,27,1,3200,180,180,1,210,210,0,0,663,663,663,663,663,663,663,663,663,663
703,CLADD_REAR_LH_MGrn,146,16,1,3200,130,130,1,116,116,0,0,1347,1347,1347,1347,1347,1347,239,239,239,239
704,CLADD_REAR_LH_BSil,146,7,1,3200,124,120,1,116,116,0,0,1344,1344,1344,1344,1344,1344,239,239,239,239
705,CLADD_REAR_LH_RRed,146,20,1,3200,130,130,1,116,116,0,0,1348,1348,1348,1348,1348,1348,240,240,240,240
706,TRL_TRIM_LAT_LH_PySilv,142,27,1,3200,100,100,3,121,121,0,0,1489,1489,1489,1489,1489,1489,249,249,249,249
707,CLADD_REAR_RH_PuWh,147,2,1,3200,159,152,1,117,117,0,0,1360,1360,1360,1360,1360,1360,242,242,242,242
708,CLADD_REAR_RH_Plat,147,5,1,3200,155,155,1,117,117,0,0,1361,1361,1361,1361,1361,1361,241,241,241,241
709,CLADD_REAR_RH_DBlk,147,6,1,3200,125,125,1,117,117,0,0,1362,1362,1362,1362,1362,1362,263,263,263,263
710,CLADD_REAR_RH_Oran,147,22,1,3200,130,130,1,117,117,0,0,1363,1363,1363,1363,1363,1363,241,241,241,241
711,TRLPA_RH_COV_Plat,14,5,1,3200,210,210,1,210,210,0,0,664,664,664,664,664,664,664,664,664,664
713,CLADD_REAR_RH_MGrn,147,16,1,3200,220,220,1,117,117,0,0,1367,1367,1367,1367,1367,1367,241,241,241,241
714,CLADD_REAR_RH_BSil,147,7,1,3200,124,120,1,117,117,0,0,1364,1364,1364,1364,1364,1364,241,241,241,241
715,CLADD_REAR_RH_RRed,147,20,1,3200,130,130,1,117,117,0,0,1368,1368,1368,1368,1368,1368,242,242,242,242
716,TRL_TRIM_LAT_RH_PySilv,143,27,1,3200,200,200,3,122,122,0,0,1509,1509,1509,1509,1509,1509,280,280,280,280
717,CLADD_EXT_LH_PuWh,148,2,1,3200,104,101,1,118,118,0,0,1380,1380,1380,1380,1380,1380,244,244,244,244
718,CLADD_EXT_LH_Plat,148,5,1,3200,180,180,1,118,118,0,0,1381,1381,1381,1381,1381,1381,243,243,243,243
719,CLADD_EXT_LH_DBlk,148,6,1,3200,150,150,1,118,118,0,0,1382,1382,1382,1382,1382,1382,243,243,243,243
720,CLADD_EXT_LH_Orang,148,22,1,3200,160,160,1,118,118,0,0,1383,1383,1383,1383,1383,1383,243,243,243,243
722,TRLPA_RH_COV_Atln,14,9,1,3200,160,160,1,210,210,0,0,665,665,665,665,665,665,665,665,665,665
723,CLADD_EXT_LH_MGreen,148,16,1,3200,150,150,1,118,118,0,0,1387,1387,1387,1387,1387,1387,243,243,243,243
724,CLADD_EXT_LH_BSilk,148,7,1,3200,125,125,1,118,118,0,0,1384,1384,1384,1384,1384,1384,243,243,243,243
725,CLADD_EXT_LH_RRed,148,20,1,3200,160,160,1,118,118,0,0,1388,1388,1388,1388,1388,1388,244,244,244,244
729,PDC SENSOR MOOS GREEN,134,16,1,3200,200,200,3,74,74,0,0,74,74,74,74,74,74,74,74,74,74
730,BRACKET_HABANERO,4,22,1,3200,90,90,1,76,76,0,0,100,100,1,1,100,100,76,76,76,76
734,SKID_PLATE_OFF_ROAD_GG,28,15,1,3000,61,61,13,26,26,0,0,403,403,403,403,403,403,94,94,94,94
736,TIGUAN_FT_PG,25,5,1,3200,106,106,1,24,24,0,0,1042,1042,1042,1042,1042,1042,38,38,38,38
737,TIGUAN_FT_DB,25,6,1,3200,95,95,1,24,24,0,0,1041,1041,1041,1041,1041,1041,38,38,38,38
738,TIGUAN_FT_OG,25,22,1,3200,115,118,1,24,24,0,0,1044,1044,1044,1044,1044,1044,92,92,92,92
739,TIGUAN_FT_BS,25,7,1,3200,96,93,1,24,24,0,0,1046,1046,1046,1046,1046,1046,92,92,92,92
741,TRLPA_RH_COV_OrxW,14,180,1,3200,360,360,1,210,210,0,0,666,666,666,666,666,666,666,666,666,666
742,TIGUAN_FT_MG,25,16,1,3200,120,118,1,24,24,0,0,1047,1047,1047,1047,1047,1047,92,92,92,92
743,TIGUAN_FT_RR,25,20,1,3200,95,95,1,24,24,0,0,1048,1048,1048,1048,1048,1048,104,104,104,104
752,TIGRL_SPL_Habanero_Orange,133,22,1,3200,100,100,1,113,113,0,0,1263,1263,1263,1263,1263,1263,224,224,224,224
753,NBS2 REAR EUR,99,179,1,3200,0,0,7,83,83,0,0,1,1,1,1,1,1,1,1,1,1
754,NB S2 REAR USA LIMO,97,179,1,3200,0,0,7,84,84,0,0,1,1,1,1,1,1,1,1,1,1
755,BORA_SPOILER_RF_LISO_,100,179,1,3200,0,0,7,9,9,0,0,1,1,1,1,1,1,1,1,1,1
757,PA REAR LOWER SPARE PART,68,179,1,3200,0,0,7,68,68,0,0,1,1,1,1,1,1,1,1,1,1
758,PA DIFUSOR DOBLE SPARE ,72,179,1,3400,0,0,7,71,71,0,0,1,1,1,1,1,1,1,1,1,1
759,PA DIFUSOR TURBO SPARE,71,179,1,3400,0,0,7,71,71,0,0,1,1,1,1,1,1,1,1,1,1
760,PA CENTRAL GRILL SPARE,73,179,1,2800,0,0,7,71,71,0,0,1,1,1,1,1,1,1,1,1,1
761,JA7_GLI_HCKSPL_ROJO_TORN,49,3,1,3400,250,250,3,130,130,0,0,7,7,7,7,7,7,158,158,158,158
762,TIGRL_SPL_Blue_Silk,133,7,1,3200,74,74,1,113,113,0,0,1264,1264,1264,1264,1264,1264,224,224,224,224
763,Fantasma Rubred,1,20,1,3000,20,20,8,75,75,0,0,75,75,75,75,75,75,75,75,75,75
764,V177_AMG_SERIE_NBlack,31,41,1,3200,250,250,3,301,301,0,0,302,302,302,302,302,302,302,302,302,302
765,A7PA_VAR_Torn,43,3,1,3200,200,200,1,39,39,0,0,1221,1221,1221,1221,1221,1221,156,156,156,156
766,A7PA_VAR_Tungs,44,19,1,3200,128,122,1,39,39,0,0,1223,1223,1223,1223,1223,1223,220,220,220,220
767,A7PA_VAR_DBlack,44,6,1,3200,135,135,1,39,39,0,0,1224,1224,1224,1224,1224,1224,220,220,220,220
768,A7PA_VAR_BluSilk,44,7,1,3200,145,145,1,39,39,0,0,1229,1229,1229,1229,1229,1229,220,220,220,220
769,A7PA_VAR_WhitSilv,44,14,1,3200,150,150,1,39,39,0,0,1226,1226,1226,1226,1226,1226,221,221,221,221
770,A7PA_VAR_NigBlue,44,8,1,3200,132,132,1,39,39,0,0,1225,1225,1225,1225,1225,1225,220,220,220,220
771,A7PA_VAR_Platinum,44,5,1,3200,165,165,1,39,39,0,0,1222,1222,1222,1222,1222,1222,220,220,220,220
772,A7PA_VAR_PfauenGreen,44,24,1,3200,140,140,1,39,39,0,0,1227,1227,1227,1227,1227,1227,221,221,221,221
774,TIGRL_SPL_Moss_Green,133,16,1,3200,100,100,1,113,113,0,0,1267,1267,1267,1267,1267,1267,224,224,224,224
776,PDC SENSOR GRANIT GRAU,134,15,1,3400,150,150,15,74,74,0,0,74,74,1,1,74,74,1,1,74,74
778,BORA_SPOILER_RF_1ESC,104,179,1,3200,0,0,7,9,9,0,0,1,1,1,1,1,1,1,1,1,1
779,SALP_S2_TRA_DER,92,179,1,3200,0,0,4,86,86,0,0,1,1,1,1,1,1,1,1,1,1
780,SALP_S2_TRA_IZQ_CAB,95,179,1,3200,0,0,4,87,87,0,0,1,1,1,1,1,1,1,1,1,1
781,SALP_S2_TRA_IZQ_LIM,94,179,1,3200,0,0,4,87,87,0,0,1,1,1,1,1,1,1,1,1,1
785,A7PA_FOGLAMP_LH,46,4,1,3200,182,182,13,42,42,0,0,274,274,1,1,274,274,79,79,79,79
786,A7PA_FOGLAMP_RH,47,4,1,3200,185,185,13,43,43,0,0,275,275,1,1,275,275,80,1,80,80
787,PDC SENSOR WHITE SILVER,134,14,1,3400,200,200,3,74,74,0,0,74,74,74,74,74,74,74,74,74,74
788,HOOK_COVER_NBLUE,3,8,1,3200,120,120,3,13,13,0,0,87,87,87,87,87,87,18,18,18,18
792,SALP_S2_DEL_DER_LIM,88,179,1,3200,0,0,4,88,88,0,0,1,1,1,1,1,1,1,1,1,1
793,SALP_S2_DEL_DER_CAB,89,179,1,3200,0,0,4,88,88,0,0,1,1,1,1,1,1,1,1,1,1
794,HOOK_COVER_WSILVER,3,14,1,3400,105,105,3,13,13,0,0,87,87,87,87,87,87,18,18,18,18
795,BRACKET_WSILVER,4,14,1,3400,90,90,1,76,76,0,0,102,102,1,105,102,102,76,76,76,76
797,SALP_GP_TRA_IZQ,109,179,1,3000,0,0,4,89,89,0,0,1,1,1,1,1,1,1,1,1,1
798,SALP_GP_TRA_DER,108,179,1,3000,0,0,4,90,90,0,0,1,1,1,1,1,1,1,1,1,1
801,HOOK_COVER_KRed,3,10,1,3200,120,120,3,13,13,0,0,87,87,87,87,87,87,18,18,18,18
804,ALL TRACK DIFUSOR REFA,82,179,1,3200,0,0,7,103,103,0,0,1,1,1,1,1,1,1,1,1,1
808,Fantasma Pyrit_Silver,1,27,1,3000,20,20,8,75,75,0,0,75,75,75,75,75,75,75,75,75,75
809,PDC SENSOR IRIDIUM WORWAG,134,40,1,3200,200,200,15,74,74,0,0,90,90,90,90,90,90,74,74,74,74
810,PDC  SENSOR HABANERO,134,22,1,3400,200,200,3,74,74,0,0,74,74,1,1,74,74,1,1,74,74
811,PLA SENSOR HABANERO,135,22,1,3400,200,200,3,74,74,0,0,74,74,1,1,74,74,74,74,74,74
812,SACR_FRONT,120,179,1,3200,0,0,7,51,51,0,0,1,1,1,1,1,1,1,1,1,1
813,TIGRL_SPL_Ruby_Red,133,20,1,3200,120,120,1,113,113,0,0,1268,1268,1268,1268,1268,1268,225,225,225,225
814,BRACKET_PETR,4,31,1,3400,90,90,1,76,76,0,0,100,100,1,100,100,100,76,76,76,76
815,NBS2 REAR EUR CABRIO,110,179,1,3200,0,0,7,83,83,0,0,1,1,1,1,1,1,1,1,1,1
816,CLADD_FT_LH_PySilv,144,27,1,3200,97,93,1,114,114,0,0,1309,1309,1309,1309,1309,1309,235,235,235,235
819,PLA SENSOR WHITE SILVER,135,14,1,3400,200,200,3,74,74,0,0,74,74,74,74,74,74,74,74,74,74
820,CLADD_FT_RH_PySilv,145,27,1,3200,97,93,1,115,115,0,0,1329,1329,1329,1329,1329,1329,237,237,237,237
823,BRACKET_DARK_IRON_BLUE,4,25,1,3400,90,90,1,76,76,0,0,100,100,1,100,100,100,76,76,76,76
824,PDC SENSOR DRK IRON BLUE ,134,25,1,3400,200,200,3,74,74,0,0,74,74,74,74,74,74,74,74,74,74
825,PLA SENSOR DRK IRON BLUE ,135,25,1,3400,200,200,3,74,74,0,0,74,74,74,74,74,74,74,74,74,74
826,Fender_Scar_Refaccion,121,179,1,3200,0,0,7,52,52,0,0,54,54,54,54,54,54,18,18,18,18
827,NBRL_FT_REFA,80,179,1,3200,0,0,9,98,98,0,0,1,1,1,1,1,1,1,1,1,1
828,NBRL_RR_REFA,81,179,1,3200,0,0,9,99,99,0,0,1,1,1,1,1,1,1,1,1,1
829,TRLPA_DIFFUSOR,19,1,1,3200,170,170,1,214,214,0,0,605,605,605,605,605,605,605,605,605,605
830,TRLPA_FRT_STRIP_PuWh,12,2,1,3200,160,160,1,208,208,0,0,621,621,621,621,621,621,621,621,621,621
831,TIGUAN_FT_PS,25,27,1,3200,120,120,1,24,24,0,0,1049,1049,1049,1049,1049,1049,92,92,92,92
833,HOOK_COVER_IRON_BLUE,3,25,1,3400,105,105,3,13,13,0,0,87,87,87,87,87,87,18,18,18,18
834,TPA_FASCIA_Pyri,5,27,1,3200,175,175,1,201,201,0,0,503,503,503,503,503,503,503,503,503,503
835,TRLPA_FRT_STRIP_OryxW,12,180,1,3200,360,360,1,208,208,0,0,626,626,626,626,626,626,626,626,626,626
836,X247_AMG_Iridium,32,40,1,3200,250,250,15,302,302,0,0,303,303,303,303,303,303,303,303,303,303
837,X247_AMG_NBlack,32,41,1,3200,250,250,3,302,302,0,0,304,304,304,304,304,304,304,304,304,304
838,TRLPA_SPOILER_KRed,17,10,1,3200,255,255,1,215,215,0,0,687,687,687,687,687,687,687,687,687,687
839,TRLPA_FRT_STRIP_KRed,12,10,1,3200,180,180,1,208,208,0,0,627,627,627,627,627,627,627,627,627,627
840,TPA_MIDDLE_TRIM,10,1,1,3200,160,160,3,206,206,0,0,523,523,523,523,523,523,523,523,523,523
841,TRLPA_FRT_STRIP_Petro,12,31,1,3200,145,145,1,208,208,0,0,628,628,628,628,628,628,628,628,628,628
842,TPA_FASCIA_OrxW,5,180,1,3200,380,380,1,201,201,0,0,506,506,506,506,506,506,506,506,506,506
843,TRLPA_FRT_STRIP_DBlk,12,6,1,3200,140,140,1,208,208,0,0,622,622,622,622,622,622,622,622,622,622
844,TRLPA_FRT_GRILL,11,1,1,3200,160,160,1,207,207,0,0,601,601,601,601,601,601,601,601,601,601
845,TRLPA_FRT_STRIP_Pyrit,12,27,1,3200,150,150,1,208,208,0,0,623,623,623,623,623,623,623,623,623,623
846,TPA_FASCIA_KRed,5,10,1,3200,205,205,1,201,201,0,0,507,507,507,507,507,507,507,507,507,507
847,TRLPA_FRT_STRIP_Plat,12,5,1,3200,170,170,1,208,208,0,0,624,624,624,624,624,624,624,624,624,624
848,TIGUAN_RR_INV_KingsRed,27,10,1,3200,155,155,1,152,152,0,0,1061,1061,1061,1061,1061,1061,141,141,141,141
849,TRLPA_SPOILER_Petro,17,31,1,3200,280,280,1,215,215,0,0,688,688,688,688,688,688,688,688,688,688
850,TPA_FASCIA_Ptro,5,31,1,3200,180,180,1,201,201,0,0,508,508,508,508,508,508,508,508,508,508
851,TPA_FASCIA_Plat,5,5,1,3200,250,250,1,201,201,0,0,504,504,504,504,504,504,504,504,504,504
854,TRLPA_LH_COV_PuWh,13,2,1,3200,210,210,1,209,209,0,0,641,641,641,641,641,641,641,641,641,641
855,TPA_FASCIA_Atln,5,9,1,3200,165,165,1,201,201,0,0,505,505,505,505,505,505,505,505,505,505
856,CLADD_FT_LH_Black_Cromo,144,1,1,3200,200,200,3,114,114,0,0,1302,1302,1302,1302,1302,1302,260,260,260,260
857,CLADD_FT_RH_Black_Cromo,145,1,1,3200,200,200,3,115,115,0,0,1322,1322,1322,1322,1322,1322,261,261,261,261
876,PDC SENSOR RUBY RED,134,20,1,3400,200,200,3,74,74,0,0,74,74,74,74,74,74,74,74,74,74
877,BRACKET_RUBY_RED,4,20,1,3400,90,90,1,76,76,0,0,100,100,1,100,100,100,76,76,76,76
880,PLA SENSOR RubyRed,135,20,1,3400,200,200,3,74,74,0,0,74,74,74,74,74,74,74,74,74,74
911,GPA_RR_ATK_PUREWHITE,0,2,1,3200,155,155,1,81,81,0,0,1080,1080,1080,1080,1080,1080,217,217,217,217
912,GPA_RR_ATK_TORNADORED,0,3,1,3200,160,160,1,81,81,0,0,1081,1081,1081,1081,1081,1081,217,217,217,217
913,GPA_RR_ATK_PLATINUMGRAY,0,5,1,3200,135,135,1,81,81,0,0,1082,1082,1082,1082,1082,1082,216,216,216,216
914,GPA_RR_ATK_TUNGSTEN,0,19,1,3200,150,150,1,81,81,0,0,1083,1083,1083,1083,1083,1083,216,216,216,216
915,GPA_RR_ATK_DEEPBLACK,0,6,1,3200,90,90,1,81,81,0,0,1084,1084,1084,1084,1084,1084,216,216,216,216
916,GPA_RR_ATK_NIGHTBLUE,0,8,1,3200,95,95,1,81,81,0,0,1085,1085,1085,1085,1085,1085,216,216,216,216
917,GPA_RR_ATK_WHITESILVER,0,14,1,3200,150,150,1,81,81,0,0,1086,1086,1086,1086,1086,1086,100,100,100,100
918,GPA_RR_ATK_PFAUENGRAU,0,24,1,3200,107,101,1,81,81,0,0,1087,1087,1087,1087,1087,1087,199,199,199,199
919,GPA_RR_ATK_IRONBLUE,0,25,1,3200,150,150,1,0,0,0,0,0,0,0,0,0,0,0,0,0,0
920,GPA_RR_ATK_BLUESILK,0,7,1,3200,105,105,1,81,81,0,0,1089,1089,1089,1089,1089,1089,216,216,216,216
931,GPA_RR_ATK_REFLEXSILVER,0,4,1,3200,105,105,1,81,81,0,0,1090,1090,1090,1090,1090,1090,216,216,216,216
932,SALP_S2_DEL_IZQ,90,179,1,3200,0,0,4,86,86,0,0,1,1,1,1,1,1,1,1,1,1
933,GPA_RR_ATK_REFACCION,0,179,1,3200,0,0,7,81,81,0,0,1,1,1,1,1,1,1,1,1,1
934,DUNE_FT_PUREWHITE,125,2,1,3200,172,168,1,46,46,0,0,1180,1180,1180,1180,1180,1180,231,231,231,231
935,DUNE_FT_REFLEXSLVR,126,4,1,3200,250,250,1,0,0,0,0,0,0,0,0,0,0,0,0,0,0
936,TRLPA_RH_COV_KRed,14,10,1,3200,220,220,1,210,210,0,0,667,667,667,667,667,667,667,667,667,667
937,X247_SERIE_Iridium,33,40,1,3200,250,250,15,303,303,0,0,305,305,305,305,305,305,305,305,305,305
938,DUNE_FT_STONEWASH,126,23,1,3200,123,119,1,46,46,0,0,1184,1184,1184,1184,1184,1184,230,230,230,230
939,DUNE_FT_TORNADORED,125,3,1,3200,190,190,1,46,46,0,0,1185,1185,1185,1185,1185,1185,234,234,234,234
940,DUNE_FT_DEEPBLACK,126,6,1,3200,125,125,1,46,46,0,0,1186,1186,1186,1186,1186,1186,230,230,230,230
941,DUNE_FT_BLACK,125,1,1,3200,135,135,1,46,46,0,0,1187,1187,1187,1187,1187,1187,231,231,231,231
942,DUNE_FT_PLATINUMGRAY,126,5,1,3200,130,130,1,46,46,0,0,1188,1188,1188,1188,1188,1188,230,230,230,230
943,TRLPA_LH_COV_DBlk,13,6,1,3200,170,170,1,209,209,0,0,642,642,642,642,642,642,642,642,642,642
944,DUNE_FT_HABANEROORANGE,126,22,1,3200,175,175,1,46,46,0,0,1190,1190,1190,1190,1190,1190,230,230,230,230
946,DUNE_FT_BLUESILK,126,7,1,3200,200,200,1,46,46,0,0,1192,1192,1192,1192,1192,1192,230,230,230,230
947,CLADD_REAR_LH_Black_Cromo,146,1,1,3200,220,220,3,116,116,0,0,1342,1342,1342,1342,1342,1342,262,262,262,262
948,DUNE_RR_PUREWHITE,127,2,1,3200,136,132,1,47,47,0,0,1200,1200,1200,1200,1200,1200,233,233,233,233
949,DUNE_RR_REFLEXSLVR,128,4,1,3200,250,250,1,0,0,0,0,0,0,0,0,0,0,0,0,0,0
951,X247_SERIE_NBlack,33,41,1,3200,250,250,3,303,303,0,0,306,306,306,306,306,306,306,306,306,306
952,DUNE_RR_STONEWASH,128,23,1,3200,105,105,1,47,47,0,0,1204,1204,1204,1204,1204,1204,232,232,232,232
953,DUNE_RR_TORNADORED,127,3,1,3200,200,200,1,47,47,0,0,1205,1205,1205,1205,1205,1205,233,233,233,233
954,DUNE_RR_DEEPBLACK,128,6,1,3200,85,85,1,47,47,0,0,1206,1206,1206,1206,1206,1206,233,233,233,233
955,DUNE_RR_BLACK,127,1,1,3200,115,115,1,47,47,0,0,1207,1207,1207,1207,1207,1207,233,233,233,233
956,DUNE_RR_PLATINUMGRAY,128,5,1,3200,200,200,1,47,47,0,0,1208,1208,1208,1208,1208,1208,232,232,232,232
961,CLADD_REAR_RH_Black_Cromo,147,1,1,3200,220,220,3,117,117,0,0,1362,1362,1362,1362,1362,1362,263,263,263,263
962,TIGRL_FT_Pure_White,132,2,1,3200,177,176,1,155,155,0,0,1240,1240,1240,1240,1240,1240,223,223,223,223
963,TIGRL_FT_Platinum,132,5,1,3200,155,155,1,155,155,0,0,1241,1241,1241,1241,1241,1241,227,227,227,227
964,TIGRL_FT_Deep_Black,132,6,1,3200,135,135,1,155,155,0,0,1242,1242,1242,1242,1242,1242,229,229,229,229
965,TIGRL_FT_Habanero_Orange,132,22,1,3200,190,190,1,112,112,0,0,1243,1243,1243,1243,1243,1243,222,222,222,222
966,TIGRL_FT_Blue_Silk,132,7,1,3200,125,122,1,112,112,0,0,1244,1244,1244,1244,1244,1244,222,222,222,222
968,TRLPA_RH_COV_Ptro,14,31,1,3200,160,160,1,210,210,0,0,668,668,668,668,668,668,668,668,668,668
969,TIGRL_FT_DBlack_Ak,132,16,1,3200,161,158,1,112,112,0,0,1247,1247,1247,1247,1247,1247,222,222,222,222
970,TIGRL_FT_Ruby_Red,132,20,1,3200,200,200,1,112,112,0,0,1248,1248,1248,1248,1248,1248,223,223,223,223
1001,DUNE_FT_REFACCION,125,179,1,3200,0,0,7,46,46,0,0,1,1,1,1,1,1,1,1,1,1
1002,PLA SENSOR ATLANTIC BLUE,135,9,1,3400,200,200,3,74,74,0,0,74,74,74,74,74,74,74,74,74,74
1003,DUNE_RR_REFACCION,127,179,1,3200,0,0,7,47,47,0,0,1,1,1,1,1,1,1,1,1,1
1004,A7BASIC_FT_REFA,76,179,1,3200,0,0,7,3,3,0,0,1,1,1,1,1,1,1,1,1,1
1006,NB_SLE_REAR,118,179,1,3200,0,0,7,91,91,0,0,1,1,1,1,1,1,1,1,1,1
1007,A7_PA_TRAS_SPARE,41,179,1,3200,0,0,9,157,157,0,0,1,1,1,1,1,1,1,1,1,1
1011,NB_RR_SPARE,123,179,1,3200,0,0,7,5,5,0,0,1,1,1,1,1,1,1,1,1,1
1012,BRACKET_PFAGRN,4,24,1,3400,90,90,1,76,76,0,0,100,100,1,100,100,100,76,76,76,76
1013,PLA SENSOR PFAGRN,135,24,1,3400,200,200,3,74,74,0,0,74,74,74,74,74,74,74,74,74,74
1014,PDC SENSOR PFAGRN,134,24,1,3400,200,200,3,74,74,0,0,74,74,74,74,74,74,74,74,74,74
1018,A7PA_FRT_BAS_SPARE,35,179,1,3200,0,0,9,156,156,0,0,1,1,1,1,1,1,1,1,1,1
1019,A7PA_FRT_GTI_SPARE,37,179,1,3200,0,0,9,153,153,0,0,1,1,1,1,1,1,1,1,1,1
1020,A7PA_FRT_TRK_SPARE,39,179,1,3200,0,0,9,31,31,0,0,1,1,1,1,1,1,1,1,1,1
1021,HOOK COVER  PFAGRN,3,24,1,3400,105,105,3,13,13,0,0,87,87,87,87,87,87,18,18,18,18
1022,Fantasma Kings Red,1,10,1,3200,20,20,8,75,75,0,0,75,75,75,75,75,75,75,75,75,75
1023,A7PA_VAR_REFA,43,179,1,3200,0,0,9,39,39,0,0,1,1,1,1,1,1,1,1,1,1
1024,SCAR_REAR_5P,122,179,1,3200,0,0,7,44,44,0,0,1,1,1,1,1,1,1,1,1,1
1028,PDCA SENSOR IRON BLUE,136,25,1,3400,250,250,3,74,74,0,0,90,90,74,90,90,90,74,74,74,74
1029,TIGUAN_FT_PETR,25,31,1,3200,120,120,1,24,24,0,0,1050,1050,1050,1050,1050,1050,92,92,92,92
1031,Fantasma Petroleum Blue,1,31,1,3000,20,20,8,75,75,0,0,75,75,75,75,75,75,75,75,75,75
1032,TPA_LH_FIN_Pyri,8,27,1,3200,160,160,3,204,204,0,0,543,543,543,543,543,543,543,543,543,543
1033,Fantasma Pure Grey,1,30,1,3000,20,20,8,75,75,0,0,75,75,75,75,75,75,75,75,75,75
1034,TRLPA_LH_COV_Plat,13,5,1,3200,210,210,1,209,209,0,0,644,644,644,644,644,644,644,644,644,644
1035,TRLPA_LH_COV_Atln,13,9,1,3200,160,160,1,209,209,0,0,645,645,645,645,645,645,645,645,645,645
1036,TPA_LH_FIN_Ptro,8,31,1,3200,170,170,3,204,204,0,0,548,548,548,548,548,548,548,548,548,548
1039,SALP_S2_TRA_DER_CABRIO,93,179,1,3200,0,0,4,86,86,0,0,1,1,1,1,1,1,1,1,1,1
1043,SALP_S2_DEL_IZQ CAB,91,179,1,3200,0,0,4,86,86,0,0,1,1,1,1,1,1,1,1,1,1
1044,TIGUAN_RR_INV_DB,27,6,1,3200,90,100,1,152,152,0,0,1055,1055,1055,1055,1055,1055,145,145,145,145
1045,TIGRL_FT_SPARE,132,179,1,3200,0,0,9,155,155,0,0,1,1,1,1,1,1,1,1,1,1
1046,TIGRL_SPL_SPARE,133,179,1,3200,0,0,9,113,113,0,0,1,1,1,1,1,1,1,1,1,1
1047,CLADD_FT_LH_REFA,144,179,1,3200,100,100,7,114,114,0,0,1,1,1,1,1,1,1,1,1,1
1048,CLADD_FT_RH_REFA,145,179,1,3200,0,0,7,115,115,0,0,1,1,1,1,1,1,1,1,1,1
1049,CLADD_REAR_LH_REFA,146,179,1,3200,0,0,7,116,116,0,0,1,1,1,1,1,1,1,1,1,1
1050,CLADD_REAR_RH_REFA,147,179,1,3200,0,0,7,117,117,0,0,1,1,1,1,1,1,1,1,1,1
1051,CLADD_EXT_LH_REFA,148,179,1,3200,0,0,7,118,118,0,0,1,1,1,1,1,1,1,1,1,1
1052,CLADD_EXT_RH_REFA,149,179,1,3200,0,0,7,119,119,0,0,1,1,1,1,1,1,1,1,1,1
1053,PPCM_DBLACK_IMPACT,2,6,1,3200,20,20,10,18,18,0,0,176,176,176,176,176,176,25,25,25,25
1054,JA7_GLI_HCKSPL_PYRITT,49,27,1,3400,175,175,3,130,130,0,0,3,3,3,3,3,3,43,43,43,43
1055,JA7_GLI_HCKSPL_PUREGREY,49,30,1,3400,210,210,3,130,130,0,0,2,2,2,2,2,2,41,41,41,41
1056,TPA_RH_FIN_PuWh,9,2,1,3200,170,170,3,205,205,0,0,561,561,561,561,561,561,561,561,561,561
1057,TPA_RH_FIN_DBlk,9,6,1,3200,170,170,3,205,205,0,0,562,562,562,562,562,562,562,562,562,562
1058,TPA_LH_FIN_Plat,8,5,1,3200,200,200,3,204,204,0,0,544,544,544,544,544,544,544,544,544,544
1059,TPA_LH_FIN_Atln,8,9,1,3200,150,150,3,204,204,0,0,545,545,545,545,545,545,545,545,545,545
1060,TIGRL_FT_Petrolueum_Blue,132,31,1,3200,200,200,1,112,112,0,0,1250,1250,1250,1250,1250,1250,222,222,222,222
1061,TIGRL_SPL_Petroleum_Blue,133,31,1,3200,150,150,1,113,113,0,0,1270,1270,1270,1270,1270,1270,224,224,224,224
1062,CLADD_FT_LH_PETROL,144,31,1,3200,160,160,1,114,114,0,0,1309,1309,1309,1309,1309,1309,235,235,235,235
1063,CLADD_FT_RH_PETROL,145,31,1,3200,150,150,1,115,115,0,0,1329,1329,1329,1329,1329,1329,237,237,237,237
1064,CLADD_REAR_LH_PETROL,146,31,1,3200,150,150,1,116,116,0,0,1349,1349,1349,1349,1349,1349,239,239,239,239
1065,CLADD_REAR_RH_PTROL,147,31,1,3200,150,150,1,117,117,0,0,1369,1369,1369,1369,1369,1369,241,241,241,241
1066,CLADD_EXT_LH_PETROLEUM,148,31,1,3200,200,200,1,118,118,0,0,1389,1389,1389,1389,1389,1389,243,243,243,243
1067,CLADD_EXT_RH_PETROLEUM,149,31,1,3200,200,200,1,119,119,0,0,1409,1409,1409,1409,1409,1409,245,245,245,245
1068,TRL_TRIM_CNTRL_PETROL,141,31,1,3000,220,220,3,120,120,0,0,1469,1469,1469,1469,1469,1469,247,247,247,247
1069,TRL_TRIM_LAT_LH_PETROL,142,31,1,3200,100,100,3,121,121,0,0,1489,1489,1489,1489,1489,1489,249,249,249,249
1070,TRL_TRIM_LAT_RH_PySilv,143,31,1,3200,200,200,3,122,122,0,0,1509,1509,1509,1509,1509,1509,251,251,251,251
1071,JA7_GLI_HCKSPL_BLACK,49,1,1,3400,190,190,3,130,130,0,0,8,8,8,8,8,8,44,44,44,44
1072,JA7_GLI_HCKSPL_W_SILVER,49,14,1,3400,160,160,3,130,130,0,0,9,9,9,9,9,9,45,45,45,45
1073,TRL_TRIM_LAT_LH_SPARE,142,179,1,3200,100,100,4,121,121,0,0,1,1,1,1,1,1,1,1,1,1
1074,TRL_TRIM_LAT_RH_SPARE,143,179,1,3200,200,200,4,122,122,0,0,1,1,1,1,1,1,1,1,1,1
1075,PDCA SENSOR PETROLEUM,134,31,1,3400,200,200,3,74,74,0,0,74,74,74,74,74,74,74,74,74,74
1076,PLA SENSOR PETROLEUM,135,31,1,3200,200,200,3,74,74,0,0,74,74,74,74,74,74,74,74,74,74
1077,PDCA SENSOR PIRYT SILVER,134,27,1,3200,200,200,3,74,74,0,0,74,74,74,74,74,74,74,74,74,74
1078,PLA SENSOR PIRYT SILVER,135,27,1,3400,200,200,3,74,74,0,0,74,74,74,74,74,74,74,74,74,74
1079,DIFUSOR TIGUAN,29,179,1,3000,0,0,9,40,40,0,0,1,1,1,1,1,1,1,1,1,1
1080,GTI_HCKSPL_PuWh,50,2,1,3400,280,280,3,133,133,0,0,30,30,30,30,30,30,131,131,131,131
1081,GTI_HCKSPL_RTor,50,3,1,3400,190,190,3,133,133,0,0,34,34,34,34,34,34,157,157,157,157
1082,GTI_HCKSPL_DBlk,50,6,1,3400,200,200,3,133,133,0,0,33,33,33,33,33,33,132,132,132,132
1083,GTI_HCKSPL_Plat,50,5,1,3400,160,160,3,133,133,0,0,32,32,32,32,32,32,130,130,130,130
1084,GTI_HCKSPL_NBlue,50,8,1,3400,200,200,3,133,133,0,0,39,39,39,39,39,39,130,130,130,130
1085,GTI_HCKSPL_IronB,50,25,1,3400,200,200,3,133,133,0,0,36,36,36,36,36,36,130,130,130,130
1086,DUNE_ROCKER_LH,74,179,1,3200,100,100,7,58,58,0,0,1,1,1,1,1,1,1,1,1,1
1087,DUNE_ROCKER_RH,75,179,1,3200,100,100,7,59,59,0,0,1,1,1,1,1,1,1,1,1,1
1088,TRL_TOWEYE_COVER_REFA,131,179,1,3200,0,0,4,123,123,0,0,1,1,1,1,1,1,1,1,1,1
1089,HOOK COVER  PETROL,3,31,1,3200,105,105,3,13,13,0,0,87,87,87,87,87,87,18,18,18,18
1090,HOOK COVER  PYRSIL,3,27,1,3200,105,105,3,13,13,0,0,87,87,87,87,87,87,18,18,18,18
1091,TIGUAN_TAPON_SRA_PySilv,23,27,1,3400,105,105,3,13,13,0,0,87,87,87,87,87,87,18,18,18,18
1092,TIGUAN_TAPON_SRA_White,23,2,1,3400,150,150,3,13,13,0,0,54,54,54,54,54,54,18,18,18,18
1093,TIGUAN_TAPON_SRA_Platinum,23,5,1,3400,130,130,3,13,13,0,0,87,87,87,87,87,87,18,18,18,18
1094,TIGUAN_TAPON_SRA_Deep,23,6,1,3400,110,110,3,13,13,0,0,99,99,99,99,96,96,18,18,18,18
1095,TIGUAN_TAPON_SRA_Orange,23,22,1,3400,105,105,3,13,13,0,0,87,87,87,87,87,87,18,18,18,18
1096,TIGUAN_TAPON_SRA_BSilk,23,7,1,3400,105,105,3,13,13,0,0,87,87,87,87,87,87,18,18,18,18
1097,TIGUAN_TAPON_SRA_Wsilver,23,14,1,3400,105,105,3,13,13,0,0,87,87,87,87,87,87,18,18,18,18
1099,TIGUAN_TAPON_SRA_MGreen,23,16,1,3400,105,105,3,13,13,0,0,87,87,87,87,87,87,18,18,18,18
1100,TIGUAN_TAPON_SRA_Ruby_Red,23,20,1,3400,100,100,3,13,13,0,0,87,87,87,87,87,87,18,18,18,18
1101,TIGUAN_TAPON_SRA_Spare,23,179,1,3400,0,0,4,13,13,0,0,54,54,54,54,54,54,18,18,18,18
1102,TIGUAN_TAPON_SRA_Petro,23,31,1,3400,105,105,3,13,13,0,0,87,87,87,87,87,87,18,18,18,18
1103,GTI_INNERSPL_Blk,51,1,1,3400,160,160,3,132,132,0,0,20,20,20,20,20,20,127,127,127,127
1104,GTI_HCKSPL_Tung,50,19,1,3400,200,200,3,133,133,0,0,38,38,38,38,38,38,130,130,130,130
1105,GTI_HCKSPL_WhSilv,50,14,1,3400,155,155,3,133,133,0,0,35,35,35,35,35,35,157,157,157,157
1106,GTI_HCKSPL_Pfau,50,24,1,3400,200,200,3,133,133,0,0,37,37,37,37,37,37,130,130,130,130
1107,TRL_TRIM_CNTRL_SPARE,141,179,1,3000,0,0,4,120,120,0,0,1,1,1,1,1,1,1,1,1,1
1108,PPCM_BLACK_IMPACT,2,1,1,3200,20,20,10,18,18,0,0,176,176,176,176,176,176,25,25,25,25
1109,PPCM_BLUSIL_IMPACT,2,7,1,3200,20,20,10,18,18,0,0,176,176,176,176,176,176,25,25,25,25
1110,PPCM_ORANGE_IMPACT,2,22,1,3200,20,20,10,18,18,0,0,176,176,176,176,176,176,25,25,25,25
1111,PPCM_REFLEX_IMPACT,2,4,1,3200,20,20,10,18,18,0,0,176,176,176,176,176,176,25,25,25,25
1113,PPCM_CORNfLOWER_IMPACT,2,29,1,3200,20,20,10,18,18,0,0,176,176,176,176,176,176,25,25,25,25
1114,PPCM_NBLUE_IMPACT,2,8,1,3200,20,20,10,18,18,0,0,176,176,176,176,176,176,25,25,25,25
1115,PPCM_PLAGRY_IMPACT,2,5,1,3200,20,20,10,18,18,0,0,176,176,176,176,176,176,25,25,25,25
1125,PPCM_RTORN_IMPACT,2,3,1,3200,20,20,10,18,18,0,0,176,176,176,176,176,176,25,25,25,25
1126,PPCM_DrkIron_IMPACT,2,25,1,3200,20,20,10,18,18,0,0,176,176,176,176,176,176,25,25,25,25
1127,PPCM_MOOSGR_IMPACT,2,9,1,3200,20,20,10,18,18,0,0,176,176,176,176,176,176,25,25,25,25
1128,PPCM_RUBRED_IMPACT,2,20,1,3200,20,20,10,18,18,0,0,176,176,176,176,176,176,25,25,25,25
1129,PPCM_GRNGRA_IMPACT,2,15,1,3200,20,20,10,18,18,0,0,176,176,176,176,176,176,25,25,25,25
1130,PPCM_PWHITE_IMPACT,2,2,1,3200,20,20,10,18,18,0,0,176,176,176,176,176,176,25,25,25,25
1131,TPA_LH_FIN_OrxW,8,180,1,3200,300,300,3,204,204,0,0,546,546,546,546,546,546,546,546,546,546
1132,PPCM_PFAGRN_IMPACT,2,24,1,3200,20,20,10,18,18,0,0,176,176,176,176,176,176,25,25,25,25
1133,TRLPA_LH_COV_OrxW,13,180,1,3200,360,360,1,209,209,0,0,646,646,646,646,646,646,646,646,646,646
1139,TIGUAN_RR_INV_RR,27,20,1,3200,70,70,1,152,152,0,0,1057,1057,1057,1057,1057,1057,103,103,103,103
1140,BRACKET_MOOSGR,4,16,1,3200,90,90,1,76,76,0,0,100,100,1,100,100,100,76,76,76,76
1141,TIGUAN_RR_INV_HO,27,22,1,3200,100,100,1,152,152,0,0,1054,1054,1054,1054,1054,1054,102,102,102,102
1142,TIGUAN_RR_INV_BLUESILK,27,7,1,3200,80,80,1,152,152,0,0,1053,1053,1053,1053,1053,1053,110,110,110,110
1144,TIGUAN_RR_INV_PLATINUM,52,5,1,3200,95,95,1,152,152,0,0,1058,1058,1058,1058,1058,1058,110,110,110,110
1146,TPA_LH_FIN_KRed,8,10,1,3200,180,180,3,204,204,0,0,547,547,547,547,547,547,547,547,547,547
1148,BRACKET_PyritSilver,4,27,1,3200,80,80,1,76,76,0,0,100,100,1,1,100,100,76,76,76,76
1149,PDC SENSOR NIGHT BLK ,134,41,1,3200,200,200,15,74,74,0,0,90,90,90,90,90,90,74,74,74,74
1150,JA7_GLI_HCKSPL_REFA,49,179,1,3400,0,0,4,130,130,0,0,1,1,1,1,1,1,1,1,1,1
1151,TIGUAN_RR_REFA,26,179,1,3200,0,0,9,152,152,0,0,1,1,1,1,1,1,1,1,1,1
1152,TIGUAN_RR_INV_PETROL,27,31,1,3200,105,105,1,152,152,0,0,1051,1051,1051,1051,1051,1051,102,102,102,102
1153,TIGUAN_RR_INV_PIRYT_SIL,53,27,1,3200,88,92,1,152,152,0,0,1072,1072,1072,1072,1072,1072,140,140,140,140
1164,NB S2 REAR USA CAB,98,179,1,3200,0,0,7,84,84,0,0,1,1,1,1,1,1,1,1,1,1
1165,TIGUAN_RR_INV_ATLBLU,27,9,1,3200,80,80,1,152,152,0,0,1036,1036,1036,1036,1036,1036,264,264,264,264
1166,TIGUAN_FT_ATLBLU,25,9,1,3200,100,100,1,24,24,0,0,1039,1039,1039,1039,1039,1039,265,265,265,265
1167,TIGUAN_RR_PW,26,2,1,3200,110,117,1,152,152,0,0,1060,1060,1060,1060,1060,1060,101,101,101,101
1168,Fantasma Oryx Weiss,1,180,1,3200,20,20,8,75,75,0,0,75,75,75,75,75,75,75,75,75,75
1169,PPCM_ PUREGREY_IMPACT,2,30,1,3200,20,20,10,18,18,0,0,176,176,176,176,176,176,25,25,25,25
1170,TIGRL_FT_ATLANTIC BLUE,132,9,1,3200,131,127,1,112,112,0,0,1239,1239,1239,1239,1239,1239,230,230,230,230
1171,TIGRL_SPL_ATLANTIC BLUE,133,9,1,3200,72,72,1,113,113,0,0,1259,1259,1259,1259,1259,1259,231,231,231,231
1172,CLADD_FT_LH_ATLBL,144,9,1,3200,98,98,1,114,114,0,0,1310,1310,1310,1310,1310,1310,275,275,275,275
1173,CLADD_FT_RH_ATLBLUE,145,9,1,3200,105,105,1,115,115,0,0,1330,1330,1330,1330,1330,1330,276,276,276,276
1174,CLADD_REAR_LH_ATLBL,146,9,1,3200,130,130,1,116,116,0,0,1350,1350,1350,1350,1350,1350,277,277,277,277
1175,CLADD_REAR_RH_ATLBL,147,9,1,3200,130,130,1,117,117,0,0,1370,1370,1370,1370,1370,1370,278,278,278,278
1176,TRL_TRIM_CNTRL_ATLBL,141,9,1,3000,200,200,3,120,120,0,0,1470,1470,1470,1470,1470,1470,247,247,247,247
1177,TRL_TRIM_LAT_LH_ATLBL,142,9,1,3200,100,100,3,121,121,0,0,1490,1490,1490,1490,1490,1490,265,265,265,265
1178,TRL_TRIM_LAT_RH_ATLBL,143,9,1,3200,100,100,3,122,122,0,0,1510,1510,1510,1510,1510,1510,251,251,251,251
1179,CLADD_EXT_LH_ATLBLUE,148,9,1,3200,150,150,1,118,118,0,0,1390,1390,1390,1390,1390,1390,243,243,243,243
1180,CLADD_EXT_RH_ATLBLUE,149,9,1,3200,150,150,1,119,119,0,0,1410,1410,1410,1410,1410,1410,245,245,245,245
1181,TIG_FRT_INV_PW,54,2,1,3200,103,103,1,154,154,0,0,1531,1531,1531,1531,1531,1531,161,161,161,161
1182,BRACKET_ATLBLUE,4,9,1,3200,120,120,1,76,76,0,0,100,100,1,100,100,100,76,76,76,76
1183,TIGUAN_TAPON_SRA_ATLBL,23,9,1,3400,150,150,3,13,13,0,0,87,87,87,87,87,87,18,18,18,18
1184,PDCA SENSOR ATLANTIC BLUE,134,9,1,3400,200,200,3,74,74,0,0,88,88,74,88,88,88,74,74,74,74
1185,TIG_FRT_INV_DB,54,6,1,3200,90,87,1,154,154,0,0,1530,1530,1530,1530,1530,1530,164,164,164,164
1186,TIG_FRT_INV_PG,54,5,1,3200,105,105,1,154,154,0,0,1532,1532,1532,1532,1532,1532,160,160,160,160
1187,TIG_FRT_INV_PS,54,27,1,3200,97,92,1,154,154,0,0,1533,1533,1533,1533,1533,1533,162,162,162,162
1188,TIG_FRT_INV_BS,54,7,1,3200,110,110,1,154,154,0,0,1534,1534,1534,1534,1534,1534,168,168,168,168
1189,TIG_FRT_INV_RR,54,20,1,3200,130,130,1,154,154,0,0,1535,1535,1535,1535,1535,1535,163,163,163,163
1190,TIG_FRT_INV_ORANGE,54,22,1,3200,140,140,1,154,154,0,0,1536,1536,1536,1536,1536,1536,165,165,165,165
1191,TIG_FRT_INV_DBlack_Ak,54,16,1,3200,130,130,1,151,151,0,0,1537,1537,1537,1537,1537,1537,166,166,166,166
1192,TIG_FRT_INV_PETROL,54,31,1,3200,130,130,1,154,154,0,0,1538,1538,1538,1538,1538,1538,167,167,167,167
1193,Fantasma Night Black,1,41,1,3200,20,20,8,75,75,0,0,75,75,75,75,75,75,75,75,75,75
1195,PPCM_PYRITSILV_IMPACT,2,27,1,3200,20,20,10,18,18,0,0,176,176,176,176,176,176,25,25,25,25
1197,PPCM_PETROLEUM_IMPACT,2,31,1,3200,20,20,10,18,18,0,0,176,176,176,176,176,176,25,25,25,25
1198,TIG_FRT_INV_REFA,54,179,1,3200,0,0,9,154,154,0,0,1,1,1,1,1,1,1,1,1,1
1199,CLADD_EXT_LH_PYRIT,148,27,1,3200,96,93,1,118,118,0,0,1391,1391,1391,1391,1391,1391,243,243,243,243
1200,CLADD_EXT_RH_PYRIT,149,27,1,3200,150,150,1,119,119,0,0,1411,1411,1411,1411,1411,1411,245,245,245,245
1201,TPA_RH_FIN_OrxW,9,180,1,3200,320,320,3,205,205,0,0,566,566,566,566,566,566,566,566,566,566
1202,TPA_RH_FIN_KRed,9,10,1,3200,180,180,3,205,205,0,0,567,567,567,567,567,567,567,567,567,567
1203,TPA_RH_FIN_Ptro,9,31,1,3200,170,170,3,205,205,0,0,568,568,568,568,568,568,568,568,568,568
1204,CLADD_FT_LH_KNRED,144,10,1,3200,110,110,1,114,114,0,0,1311,1311,1311,1311,1311,1311,236,236,236,236
1205,CLADD_FT_RH_KNRED,145,10,1,3200,160,160,1,115,115,0,0,1331,1331,1331,1331,1331,1331,238,238,238,238
1206,CLADD_REAR_LH_KNRED,146,10,1,3200,135,135,1,116,116,0,0,1351,1351,1351,1351,1351,1351,240,240,240,240
1207,CLADD_REAR_RH_KNRED,147,10,1,3200,135,135,1,117,117,0,0,1371,1371,1371,1371,1371,1371,242,242,242,242
1208,CLADD_EXT_LH_KNRED,148,10,1,3200,100,100,1,118,118,0,0,1392,1392,1392,1392,1392,1392,243,243,243,243
1209,CLADD_EXT_RH_KNRED,149,10,1,3200,100,100,1,119,119,0,0,1412,1412,1412,1412,1412,1412,245,245,245,245
1210,PPCM_KingsRed_IMPACT,2,10,1,3200,20,20,10,18,18,0,0,176,176,176,176,176,176,25,25,25,25
1211,JOB_PRUEBA_COLOR,54,199,1,3200,200,200,1,404,404,0,0,404,404,404,404,404,404,404,404,404,404
1212,Fantasma Night Blue,1,8,1,3200,20,20,8,75,75,0,0,75,75,75,75,75,75,75,75,75,75
1213,TIGUAN_FTIN_ATLBLU,54,9,1,3200,110,110,1,154,154,0,0,1539,1539,1539,1539,1539,1539,169,169,169,169
1214,HOOK COVER  ATLBLUE,3,9,1,3400,150,150,3,13,13,0,0,87,87,87,87,87,87,18,18,18,18
1215,CLADD_FT_LH_ORIXW,144,180,1,3200,150,150,1,114,114,0,0,1312,1312,1312,1312,1312,1312,236,236,236,236
1216,CLADD_FT_RH_ORIXW,145,180,1,3200,150,150,1,115,115,0,0,1332,1332,1332,1332,1332,1332,238,238,238,238
1217,CLADD_REAR_LH_ORYXW,146,180,1,3200,180,180,1,116,116,0,0,1352,1352,1352,1352,1352,1352,240,240,240,240
1218,CLADD_REAR_RH_ORYX,147,180,1,3200,270,270,1,117,117,0,0,1372,1372,1372,1372,1372,1372,242,242,242,242
1219,ALL_TRACK_REAR_SOL_REFA,40,179,1,3200,0,0,9,81,81,0,0,1,1,1,1,1,1,1,1,1,1
1220,CLADD_EXT_LH_OW,148,180,1,3200,170,170,1,118,118,0,0,1393,1393,1393,1393,1393,1393,270,270,270,270
1221,CLADD_EXT_RH_OW,149,180,1,3200,160,160,1,119,119,0,0,1413,1413,1413,1413,1413,1413,271,271,271,271
1222,A7PA_FRT_GTI_FLWB,37,29,1,3200,113,110,1,153,153,0,0,1131,1131,1131,1131,1131,1131,213,213,213,213
1223,A7PA_TRAS_FLWB,41,29,1,3200,126,125,1,28,28,0,0,1171,1171,1171,1171,1171,1171,151,151,151,151
1224,PLA SENSOR ORYX,135,180,1,3400,230,230,3,74,74,0,0,73,73,73,73,73,73,74,74,74,74
1225,PDC SENSOR ORYX,134,180,1,3400,200,200,3,74,74,0,0,74,74,74,74,90,90,74,74,74,74
1226,BRACKET_ORYX,4,180,1,3400,130,130,1,76,76,0,0,107,107,7,7,107,107,76,76,76,76
1227,BRACKET_KNRED,4,10,1,3400,100,100,1,76,76,0,0,100,100,1,100,100,100,76,76,76,76
1228,PDC SENSOR KNRED,134,10,1,3400,200,200,3,74,74,0,0,88,88,75,88,88,88,74,74,74,74
1229,PLA SENSOR KNRED,135,10,1,3400,200,200,3,74,74,0,0,74,74,74,74,74,74,74,74,74,74
1230,Fantasma Reflex Silver,1,4,1,3200,20,20,8,75,75,0,0,75,75,75,75,75,75,75,75,75,75
1232,PDC SENSOR_CornFlower,134,29,1,3400,145,145,3,74,74,0,0,74,74,74,74,74,74,74,70,74,74
1233,PLA SENSOR_CornFlower,135,29,1,3400,145,145,3,74,74,0,0,74,74,74,74,74,74,74,74,74,74
1234,BRACKET_CornFlower,4,29,1,3400,120,120,1,76,76,0,0,101,101,1,101,101,101,76,76,76,76
1235,PPCM_Oryx_IMPACT,2,180,1,3200,20,20,10,18,18,0,0,176,176,176,176,176,176,25,25,25,25
